Frame_Number,Vehicle_ID,Vehicle_Bbox,License_Plate_Bbox,License_Plate_Bbox_Score,License_Number,License_Number_Score
1,0,[0 0 0 0],[1202.0589599609375 769.3870239257812 1294.71142578125 830.25],0.2743206024169922,0,0
2,0,[0 0 0 0],[1200.68896484375 774.6912231445312 1296.68310546875 834.0342407226562],0.30232077836990356,0,0
3,0,[0 0 0 0],[471.3939514160156 882.4283447265625 608.6419677734375 955.2900390625],0.2719435393810272,0,0
4,0,[0 0 0 0],[467.5972900390625 882.517333984375 605.4202270507812 954.94091796875],0.27899283170700073,0,0
5,0,[0 0 0 0],[474.2295227050781 890.373779296875 597.1353759765625 957.589599609375],0.30073845386505127,0,0
6,0,[0 0 0 0],[1205.140625 785.6878051757812 1297.263671875 841.393798828125],0.2592564523220062,0,0
9,0,[0 0 0 0],[1209.5596923828125 795.9080200195312 1295.73828125 850.9777221679688],0.25689461827278137,0,0
